1006464,1006311
1006311,1006312
1006313,1006314
1006345,1006315
1006315,1006316
1006522,1006317
1006317,1006318
1007320,1006319
1006319,1006320
1006321,1006322
1006323,1006324
1006325,1006326
1006327,1006328
1006329,1006330
1006331,1006332
1006333,1006334
1006335,1006336
1006392,1006337
1006337,1006338
1006339,1006340
1006341,1006342
1006744,1006343
1006343,1006344
1006677,1006345
1006577,1006346
1006346,1006347
1006348,1006349
1006350,1006351
1006352,1006353
1006354,1006355
1006356,1006357
1006358,1006359
1006360,1006361
1006362,1006363
1006650,1006364
1006364,1006365
1006366,1006367
1006368,1006369
1006370,1006371
1006372,1006373
1006374,1006375
1006376,1006377
1006378,1006379
1006380,1006381
1006382,1006383
1006384,1006385
1006386,1006387
1006388,1006389
1006390,1006391
1007451,1006392
1006393,1006394
1006395,1006396
1006548,1006397
1006397,1006398
1006399,1006400
1006803,1006401
1006401,1006402
1006403,1006404
1006405,1006406
1006407,1006408
1006409,1006410
1006411,1006412
1006413,1006414
1006415,1006416
1006417,1006418
1006419,1006420
1006527,1006421
1006421,1006422
1006423,1006424
1006425,1006426
1006427,1006428
1006429,1006430
1006431,1006432
1006433,1006434
1006435,1006436
1006437,1006438
1006439,1006440
1006441,1006442
1006443,1006444
1006879,1006445
1006445,1006446
1006447,1006448
1006449,1006450
1006451,1006452
1006453,1006454
1006455,1006456
1006457,1006458
1006461,1006459
1006459,1006460
1006462,1006463
1006554,1006464
1006465,1006466
1006467,1006468
1006469,1006470
1006471,1006472
1006473,1006474
1006475,1006476
1006477,1006478
1006479,1006480
1006481,1006482
1006483,1006484
1007393,1006485
1006485,1006486
1006489,1006487
1006487,1006488
1006490,1006491
1006492,1006493
1006494,1006495
1006496,1006497
1006498,1006499
1006500,1006501
1006502,1006503
1006504,1006505
1006506,1006507
1006508,1006509
1006510,1006511
1006512,1006513
1006514,1006515
1006516,1006517
1006518,1006519
1006520,1006521
1006523,1006524
1006852,1006525
1006525,1006526
1006528,1006529
1006530,1006531
1006532,1006533
1006534,1006535
1006536,1006537
1006538,1006539
1006540,1006541
1006542,1006543
1006544,1006545
1006546,1006547
1006553,1006548
1006549,1006550
1006551,1006552
1006557,1006555
1006555,1006556
1006558,1006557
1006559,1006560
1006561,1006562
1006563,1006564
1006565,1006566
1006567,1006568
1006569,1006570
1006571,1006572
1006573,1006574
1006575,1006576
1006578,1006579
1006580,1006581
1006582,1006583
1006584,1006585
1006586,1006587
1006588,1006589
1006590,1006591
1006592,1006593
1006594,1006595
1006596,1006597
1006598,1006599
1006600,1006601
1006602,1006603
1006604,1006605
1006606,1006607
1006608,1006609
1006610,1006611
1006612,1006613
1006614,1006615
1006616,1006617
1006618,1006619
1006620,1006621
1006622,1006623
1006624,1006625
1006626,1006627
1006628,1006629
1006630,1006631
1006632,1006633
1006634,1006635
1006636,1006637
1006638,1006639
1006640,1006641
1006642,1006643
1006644,1006645
1006646,1006647
1006648,1006649
1006651,1006652
1006653,1006654
1006655,1006656
1006657,1006658
1006659,1006660
1006661,1006662
1006663,1006664
1006665,1006666
1006667,1006668
1006669,1006670
1006671,1006672
1006673,1006674
1006675,1006676
1006678,1006679
1006680,1006681
1006682,1006683
1006684,1006685
1006686,1006687
1006688,1006689
1006690,1006691
1006692,1006693
1006694,1006695
1006696,1006697
1006698,1006699
1006700,1006701
1006702,1006703
1006704,1006705
1007082,1006706
1006706,1006707
1006708,1006709
1006710,1006711
1006712,1006713
1006714,1006715
1006716,1006717
1006718,1006719
1006720,1006721
1006722,1006723
1006724,1006725
1006726,1006727
1006728,1006729
1006730,1006731
1006732,1006733
1006734,1006735
1006736,1006737
1006738,1006739
1006740,1006741
1006742,1006743
1006745,1006746
1006747,1006748
1007864,1006749
1006749,1006750
1006751,1006752
1006753,1006754
1006755,1006756
1007863,1006757
1006757,1006758
1006759,1006760
1006761,1006762
1007871,1006763
1006763,1006764
1006765,1006766
1006767,1006768
1006769,1006770
1006771,1006772
1006773,1006774
1006775,1006776
1006777,1006778
1006779,1006780
1006781,1006782
1006783,1006784
1006785,1006786
1006787,1006788
1006789,1006790
1006791,1006792
1006793,1006794
1006795,1006796
1006797,1006798
1006799,1006800
1006801,1006802
1006804,1006805
1006806,1006807
1006808,1006809
1006810,1006811
1006812,1006813
1006814,1006815
1006816,1006817
1006818,1006819
1006820,1006821
1006822,1006823
1006824,1006825
1006826,1006827
1006828,1006829
1006830,1006831
1006832,1006833
1006834,1006835
1006836,1006837
1006838,1006839
1006840,1006841
1006842,1006843
1006844,1006845
1006846,1006847
1006848,1006849
1006850,1006851
1006853,1006854
1006855,1006856
1006857,1006858
1006859,1006860
1006861,1006862
1006863,1006864
1006865,1006866
1006867,1006868
1007450,1006869
1006869,1006870
1006871,1006872
1006873,1006874
1006875,1006876
1006877,1006878
1006880,1006881
1006882,1006883
1006884,1006885
1006886,1006887
1006888,1006889
1006890,1006891
1006892,1006893
1006894,1006895
1006896,1006897
1006898,1006899
1006900,1006901
1006902,1006903
1006904,1006905
1006906,1006907
1006908,1006909
1006910,1006911
1006912,1006913
1006914,1006915
1006916,1006917
1006918,1006919
1006920,1006921
1006922,1006923
1006924,1006925
1006926,1006927
1006928,1006929
1006930,1006931
1006932,1006933
1006934,1006935
1006936,1006937
1006938,1006939
1006940,1006941
1006942,1006943
1006944,1006945
1006946,1006947
1006948,1006949
1006950,1006951
1006952,1006953
1006954,1006955
1006956,1006957
1006958,1006959
1006960,1006961
1006962,1006963
1006964,1006965
1006966,1006967
1006968,1006969
1006970,1006971
1007555,1006972
1006972,1006973
1006974,1006975
1006976,1006977
1006978,1006979
1006980,1006981
1006982,1006983
1006984,1006985
1006986,1006987
1006988,1006989
1006990,1006991
1006992,1006993
1006994,1006995
1006996,1006997
1006998,1006999
1007000,1007001
1007002,1007003
1007004,1007005
1007006,1007007
1007948,1007008
1007008,1007009
1007010,1007011
1007012,1007013
1007014,1007015
1007016,1007017
1007018,1007019
1007020,1007021
1007022,1007023
1007024,1007025
1007026,1007027
1007028,1007029
1007030,1007031
1007032,1007033
1007034,1007035
1007036,1007037
1007038,1007039
1007040,1007041
1007042,1007043
1007044,1007045
1007046,1007047
1007048,1007049
1007050,1007051
1007052,1007053
1007054,1007055
1007056,1007057
1007058,1007059
1007060,1007061
1007062,1007063
1007064,1007065
1007066,1007067
1007068,1007069
1007070,1007071
1007072,1007073
1007074,1007075
1007076,1007077
1007078,1007079
1007080,1007081
1007083,1007084
1007087,1007085
1007085,1007086
1007088,1007089
1007090,1007091
1007092,1007093
1007094,1007095
1007096,1007097
1007098,1007099
1007100,1007101
1007102,1007103
1007104,1007105
1007106,1007107
1007108,1007109
1007110,1007111
1007112,1007113
1007114,1007115
1007116,1007117
1007118,1007119
1007120,1007121
1007122,1007123
1007124,1007125
1007126,1007127
1007128,1007129
1007130,1007131
1007132,1007133
1007134,1007135
1007136,1007137
1007138,1007139
1007140,1007141
1007142,1007143
1007144,1007145
1007146,1007147
1007148,1007149
1007150,1007151
1007152,1007153
1007154,1007155
1007156,1007157
1007158,1007159
1007160,1007161
1007162,1007163
1007164,1007165
1007166,1007167
1007168,1007169
1007170,1007171
1007172,1007173
1007174,1007175
1007176,1007177
1007178,1007179
1007180,1007181
1007182,1007183
1007184,1007185
1007186,1007187
1007188,1007189
1007190,1007191
1007192,1007193
1007194,1007195
1007196,1007197
1007198,1007199
1007200,1007201
1007202,1007203
1007204,1007205
1007206,1007207
1007208,1007209
1007210,1007211
1007212,1007213
1007214,1007215
1007216,1007217
1007218,1007219
1007220,1007221
1007222,1007223
1007224,1007225
1007226,1007227
1007228,1007229
1007230,1007231
1007232,1007233
1007234,1007235
1007236,1007237
1007238,1007239
1007240,1007241
1007242,1007243
1007244,1007245
1007246,1007247
1007248,1007249
1007250,1007251
1007252,1007253
1007254,1007255
1007256,1007257
1007258,1007259
1007260,1007261
1007262,1007263
1007264,1007265
1007266,1007267
1007268,1007269
1007270,1007271
1007272,1007273
1007274,1007275
1007276,1007277
1007278,1007279
1007280,1007281
1007282,1007283
1007284,1007285
1007286,1007287
1007288,1007289
1007290,1007291
1007292,1007293
1007294,1007295
1007296,1007297
1007298,1007299
1007300,1007301
1007302,1007303
1007304,1007305
1007306,1007307
1007308,1007309
1007310,1007311
1007312,1007313
1007314,1007315
1007316,1007317
1007318,1007319
1007489,1007320
1007321,1007322
1007323,1007324
1007325,1007326
1007327,1007328
1007329,1007330
1007331,1007332
1007333,1007334
1007335,1007336
1007337,1007338
1007339,1007340
1007341,1007342
1007343,1007344
1007345,1007346
1007347,1007348
1007349,1007350
1007351,1007352
1007353,1007354
1007355,1007356
1007357,1007358
1008020,1007359
1007359,1007360
1007361,1007362
1007363,1007364
1007365,1007366
1007367,1007368
1007369,1007370
1007371,1007372
1007373,1007374
1007375,1007376
1007377,1007378
1007379,1007380
1007381,1007382
1007383,1007384
1007385,1007386
1007387,1007388
1007389,1007390
1007391,1007392
1007394,1007395
1007396,1007397
1007398,1007399
1007400,1007401
1007402,1007403
1007404,1007405
1007406,1007407
1007408,1007409
1007410,1007411
1007412,1007413
1007414,1007415
1007416,1007417
1007418,1007419
1007420,1007421
1007422,1007423
1007424,1007425
1007426,1007427
1007428,1007429
1007430,1007431
1007432,1007433
1007434,1007435
1007436,1007437
1007438,1007439
1007440,1007441
1007442,1007443
1007444,1007445
1007446,1007447
1007448,1007449
1007452,1007453
1007454,1007455
1007456,1007457
1007458,1007459
1007460,1007461
1007462,1007463
1007464,1007465
1007466,1007467
1007468,1007469
1007470,1007471
1007472,1007473
1007474,1007475
1007476,1007477
1007478,1007479
1007480,1007481
1007482,1007483
1007486,1007484
1007484,1007485
1007487,1007488
1007490,1007491
1007492,1007493
1007494,1007495
1007496,1007497
1007498,1007499
1007500,1007501
1007502,1007503
1007504,1007505
1007506,1007507
1007957,1007508
1007508,1007509
1007510,1007511
1007512,1007513
1007514,1007515
1007516,1007517
1007518,1007519
1007520,1007521
1007522,1007523
1007526,1007524
1007524,1007525
1007527,1007528
1007529,1007530
1007531,1007532
1007533,1007534
1007535,1007536
1007537,1007538
1007539,1007540
1007541,1007542
1007543,1007544
1007545,1007546
1007547,1007548
1007549,1007550
1007551,1007552
1007553,1007554
1007556,1007557
1007558,1007559
1007560,1007561
1007562,1007563
1007564,1007565
1007566,1007567
1007568,1007569
1007570,1007571
1007572,1007573
1007574,1007575
1007576,1007577
1007578,1007579
1007580,1007581
1007582,1007583
1007584,1007585
1007586,1007587
1007588,1007589
1007590,1007591
1007592,1007593
1007594,1007595
1007596,1007597
1007598,1007599
1007600,1007601
1007602,1007603
1007604,1007605
1007606,1007607
1007608,1007609
1007610,1007611
1007612,1007613
1007614,1007615
1007616,1007617
1007618,1007619
1007620,1007621
1007622,1007623
1007624,1007625
1007626,1007627
1007628,1007629
1007630,1007631
1007632,1007633
1007634,1007635
1007636,1007637
1007638,1007639
1007640,1007641
1007642,1007643
1007644,1007645
1007646,1007647
1007648,1007649
1007650,1007651
1007654,1007652
1007652,1007653
1007657,1007655
1007655,1007656
1007658,1007659
1007660,1007661
1007662,1007663
1007664,1007665
1007666,1007667
1007668,1007669
1007875,1007670
1007670,1007671
1007672,1007673
1007674,1007675
1007676,1007677
1007678,1007679
1007680,1007681
1007682,1007683
1007684,1007685
1007686,1007687
1007688,1007689
1007690,1007691
1007692,1007693
1007694,1007695
1007696,1007697
1007698,1007699
1007700,1007701
1007702,1007703
1007704,1007705
1007706,1007707
1007708,1007709
1007710,1007711
1007712,1007713
1007714,1007715
1007716,1007717
1007718,1007719
1007720,1007721
1007722,1007723
1007724,1007725
1007726,1007727
1007728,1007729
1007730,1007731
1007732,1007733
1007734,1007735
1007736,1007737
1007738,1007739
1007740,1007741
1007742,1007743
1007744,1007745
1007746,1007747
1007748,1007749
1007750,1007751
1007752,1007753
1007754,1007755
1007756,1007757
1007758,1007759
1007760,1007761
1007762,1007763
1007764,1007765
1007766,1007767
1007768,1007769
1007770,1007771
1007772,1007773
1007774,1007775
1007776,1007777
1007778,1007779
1007780,1007781
1007782,1007783
1007784,1007785
1007786,1007787
1007790,1007788
1007788,1007789
1007791,1007792
1007793,1007794
1007795,1007796
1007797,1007798
1007799,1007800
1007801,1007802
1007803,1007804
1007805,1007806
1007807,1007808
1007809,1007810
1007811,1007812
1007813,1007814
1007815,1007816
1007817,1007818
1007819,1007820
1007821,1007822
1007823,1007824
1007825,1007826
1007827,1007828
1007829,1007830
1007831,1007832
1007833,1007834
1007835,1007836
1007837,1007838
1007839,1007840
1007841,1007842
1007843,1007844
1007845,1007846
1007847,1007848
1007849,1007850
1007851,1007852
1007853,1007854
1007855,1007856
1007857,1007858
1007859,1007860
1007861,1007862
1007867,1007865
1007865,1007866
1007870,1007868
1007868,1007869
1007874,1007872
1007872,1007873
1007876,1007877
1007878,1007879
1007880,1007881
1007882,1007883
1007884,1007885
1007886,1007887
1007888,1007889
1007890,1007891
1007892,1007893
1007894,1007895
1007896,1007897
1007898,1007899
1007900,1007901
1007902,1007903
1007904,1007905
1007906,1007907
1007908,1007909
1007910,1007911
1007912,1007913
1007914,1007915
1007916,1007917
1007918,1007919
1007920,1007921
1007922,1007923
1007924,1007925
1007926,1007927
1007928,1007929
1007930,1007931
1007932,1007933
1007934,1007935
1007936,1007937
1007938,1007939
1007940,1007941
1007942,1007943
1007944,1007945
1007946,1007947
1007949,1007950
1007951,1007952
1007953,1007954
1007955,1007956
1007958,1007959
1007960,1007961
1007962,1007963
1007964,1007965
1007966,1007967
1007968,1007969
1007970,1007971
1007972,1007973
1007974,1007975
1007976,1007977
1007978,1007979
1007980,1007981
1007982,1007983
1007984,1007985
1007986,1007987
1007988,1007989
1007990,1007991
1007992,1007993
1007994,1007995
1007996,1007997
1007998,1007999
1008000,1008001
1008002,1008003
1008004,1008005
1008006,1008007
1008008,1008009
1008010,1008011
1008012,1008013
1008014,1008015
1008016,1008017
1008018,1008019
1008021,1008022
1008023,1008024
1008025,1008026
1008027,1008028
1008029,1008030
1008031,1008032
1008033,1008034
1008035,1008036
1008037,1008038
1008039,1008040
1008041,1008042
1008043,1008044
1008045,1008046
1008047,1008048
1008049,1008050
1008051,1008052
1008053,1008054
1008055,1008056
1008057,1008058
1008059,1008060
1008063,1008061
1008061,1008062
1008064,1008065
1008066,1008067
1008068,1008069
1008070,1008071
1008072,1008073
1008074,1008075
1008076,1008077
1008078,1008079
1008080,1008081
1008082,1008083
1008084,1008085
1008086,1008087
1008088,1008089
1008090,1008091
1008092,1008093
1008094,1008095
1008096,1008097
1008098,1008099
1008100,1008101
1008102,1008103
1008104,1008105
1008106,1008107
1008108,1008109
1008110,1008111
1008112,1008113
1008114,1008115
1008116,1008117
1008118,1008119
1008120,1008121
1008122,1008123
1008124,1008125
